-- phpMyAdmin SQL Dump
-- version 5.2.1
-- https://www.phpmyadmin.net/
--
-- Хост: 127.0.0.1:3306
-- Час створення: Жов 25 2024 р., 13:34
-- Версія сервера: 8.2.0
-- Версія PHP: 8.2.13

SET SQL_MODE = "NO_AUTO_VALUE_ON_ZERO";
START TRANSACTION;
SET time_zone = "+00:00";


/*!40101 SET @OLD_CHARACTER_SET_CLIENT=@@CHARACTER_SET_CLIENT */;
/*!40101 SET @OLD_CHARACTER_SET_RESULTS=@@CHARACTER_SET_RESULTS */;
/*!40101 SET @OLD_COLLATION_CONNECTION=@@COLLATION_CONNECTION */;
/*!40101 SET NAMES utf8mb4 */;

--
-- База даних: `zadanie`
--

-- --------------------------------------------------------

--
-- Структура таблиці `faktury`
--

DROP TABLE IF EXISTS `faktury`;
CREATE TABLE IF NOT EXISTS `faktury` (
  `numer` varchar(50) CHARACTER SET utf8mb4 COLLATE utf8mb4_unicode_ci NOT NULL,
  `data_wystawienia` date NOT NULL,
  `termin_platnosci` date NOT NULL,
  `suma_brutto` decimal(10,2) NOT NULL,
  `klient_id` int DEFAULT NULL,
  PRIMARY KEY (`numer`),
  KEY `klient_id` (`klient_id`)
) ENGINE=MyISAM DEFAULT CHARSET=utf8mb4 COLLATE=utf8mb4_0900_ai_ci;

--
-- Дамп даних таблиці `faktury`
--

INSERT INTO `faktury` (`numer`, `data_wystawienia`, `termin_platnosci`, `suma_brutto`, `klient_id`) VALUES
('FV/2024/10/0001', '1991-03-12', '1991-03-26', 996.05, 1),
('FV/2024/10/0002', '2015-03-10', '2015-03-24', 362.84, 1),
('FV/2024/10/0003', '2012-12-02', '2012-12-16', 793.92, 1),
('FV/2024/10/0004', '2017-12-19', '2018-01-02', 302.56, 2),
('FV/2024/10/0005', '2015-11-24', '2015-12-08', 767.03, 2),
('FV/2024/10/0006', '2022-09-11', '2022-09-25', 919.81, 2),
('FV/2024/10/0007', '2020-10-12', '2020-10-26', 852.34, 3),
('FV/2024/10/0008', '2002-12-23', '2003-01-06', 839.19, 3),
('FV/2024/10/0009', '1989-01-26', '1989-02-09', 539.97, 3),
('FV/2024/10/0010', '2017-01-10', '2017-01-24', 106.60, 4),
('FV/2024/10/0011', '1974-03-18', '1974-04-01', 266.06, 4),
('FV/2024/10/0012', '2004-06-20', '2004-07-04', 663.41, 4),
('FV/2024/10/0013', '2009-11-24', '2009-12-08', 727.14, 5),
('FV/2024/10/0014', '1977-11-14', '1977-11-28', 467.80, 5),
('FV/2024/10/0015', '1989-10-03', '1989-10-17', 151.07, 5),
('FV/2024/10/0016', '1987-10-26', '1987-11-09', 782.66, 6),
('FV/2024/10/0017', '2010-06-08', '2010-06-22', 364.76, 6),
('FV/2024/10/0018', '2015-06-08', '2015-06-22', 497.13, 6),
('FV/2024/10/0019', '1989-12-17', '1989-12-31', 453.43, 7),
('FV/2024/10/0020', '1974-10-10', '1974-10-24', 714.03, 7),
('FV/2024/10/0021', '1994-11-20', '1994-12-04', 478.43, 7),
('FV/2024/10/0022', '1999-05-24', '1999-06-07', 667.80, 8),
('FV/2024/10/0023', '1983-06-16', '1983-06-30', 438.60, 8),
('FV/2024/10/0024', '2007-11-13', '2007-11-27', 496.51, 8),
('FV/2024/10/0025', '1973-01-11', '1973-01-25', 839.81, 9),
('FV/2024/10/0026', '1996-12-18', '1997-01-01', 164.49, 9),
('FV/2024/10/0027', '2019-05-20', '2019-06-03', 587.19, 9),
('FV/2024/10/0028', '2016-10-15', '2016-10-29', 818.36, 10),
('FV/2024/10/0029', '2013-03-26', '2013-04-09', 124.85, 10),
('FV/2024/10/0030', '1983-07-22', '1983-08-05', 896.85, 10),
('FV/2024/10/0031', '1991-02-26', '1991-03-12', 527.59, 11),
('FV/2024/10/0032', '1988-10-14', '1988-10-28', 875.05, 11),
('FV/2024/10/0033', '1988-03-03', '1988-03-17', 426.66, 11),
('FV/2024/10/0034', '2013-03-21', '2013-04-04', 271.94, 12),
('FV/2024/10/0035', '1996-08-06', '1996-08-20', 949.99, 12),
('FV/2024/10/0036', '2004-09-30', '2004-10-14', 486.06, 12),
('FV/2024/10/0037', '2005-12-25', '2006-01-08', 914.85, 13),
('FV/2024/10/0038', '1983-06-12', '1983-06-26', 251.84, 13),
('FV/2024/10/0039', '2020-02-16', '2020-03-01', 112.57, 13),
('FV/2024/10/0040', '1979-06-29', '1979-07-13', 163.55, 14),
('FV/2024/10/0041', '2008-09-21', '2008-10-05', 527.15, 14),
('FV/2024/10/0042', '1997-08-01', '1997-08-15', 884.46, 14),
('FV/2024/10/0043', '2014-06-20', '2014-07-04', 773.26, 15),
('FV/2024/10/0044', '1984-03-24', '1984-04-07', 660.90, 15),
('FV/2024/10/0045', '2015-05-15', '2015-05-29', 865.99, 15),
('FV/2024/10/0046', '1981-03-31', '1981-04-14', 963.28, 16),
('FV/2024/10/0047', '1973-04-15', '1973-04-29', 133.94, 16),
('FV/2024/10/0048', '1988-01-04', '1988-01-18', 557.16, 16),
('FV/2024/10/0049', '1991-09-12', '1991-09-26', 600.37, 17),
('FV/2024/10/0050', '1978-01-06', '1978-01-20', 118.95, 17),
('FV/2024/10/0051', '1971-08-08', '1971-08-22', 662.76, 17),
('FV/2024/10/0052', '1997-06-14', '1997-06-28', 424.50, 18),
('FV/2024/10/0053', '2010-05-20', '2010-06-03', 691.13, 18),
('FV/2024/10/0054', '1983-06-25', '1983-07-09', 809.39, 18),
('FV/2024/10/0055', '2016-12-13', '2016-12-27', 519.97, 19),
('FV/2024/10/0056', '1988-03-06', '1988-03-20', 557.65, 19),
('FV/2024/10/0057', '1978-08-31', '1978-09-14', 120.60, 19),
('FV/2024/10/0058', '1980-05-12', '1980-05-26', 759.81, 20),
('FV/2024/10/0059', '2011-09-18', '2011-10-02', 360.55, 20),
('FV/2024/10/0060', '2003-06-06', '2003-06-20', 217.15, 20);

-- --------------------------------------------------------

--
-- Структура таблиці `klienci`
--

DROP TABLE IF EXISTS `klienci`;
CREATE TABLE IF NOT EXISTS `klienci` (
  `id` bigint UNSIGNED NOT NULL AUTO_INCREMENT,
  `login` varchar(255) NOT NULL,
  `konto_bankowe` varchar(28) NOT NULL,
  `NIP` varchar(10) NOT NULL,
  PRIMARY KEY (`id`)
) ENGINE=MyISAM AUTO_INCREMENT=21 DEFAULT CHARSET=utf8mb4 COLLATE=utf8mb4_0900_ai_ci;

--
-- Дамп даних таблиці `klienci`
--

INSERT INTO `klienci` (`id`, `login`, `konto_bankowe`, `NIP`) VALUES
(1, 'koch.christopher', 'PL49400008717009990480384306', '0534771777'),
(2, 'chackett', 'PL73377989879357069511277857', '0834530067'),
(3, 'autumn.kling', 'PL70088928997621397355707950', '3717305955'),
(4, 'wharber', 'PL84334066853812452746146430', '6416240514'),
(5, 'daniella94', 'PL10331604339123774516116364', '5111912265'),
(6, 'frank65', 'PL62209093243720176467393457', '8137642919'),
(7, 'tracy40', 'PL02647182701380782499020875', '3487076930'),
(8, 'verda.feil', 'PL20731613022806206188447510', '9469098852'),
(9, 'nelson72', 'PL04100630168703681613598823', '6204750174'),
(10, 'ryleigh67', 'PL81538035698215325508850564', '3599200505'),
(11, 'solon41', 'PL79750173805433630728925487', '0783211313'),
(12, 'amuller', 'PL28604596652838811476743531', '4713329166'),
(13, 'klarson', 'PL51147419438787817210798863', '2124107661'),
(14, 'noemie.hodkiewicz', 'PL65886776325614935938113525', '5178574662'),
(15, 'ycorwin', 'PL41779411228003027391291756', '2616824507'),
(16, 'mraz.lolita', 'PL21217532156125134714201376', '0449348933'),
(17, 'bhickle', 'PL88816991230357375889013100', '6098081366'),
(18, 'johnston.jimmy', 'PL41030101133451324864405240', '3491120489'),
(19, 'howe.telly', 'PL21103916176015749878725935', '7248116477'),
(20, 'champlin.caroline', 'PL22362078426526229902468503', '8664447733');

-- --------------------------------------------------------

--
-- Структура таблиці `platnosci`
--

DROP TABLE IF EXISTS `platnosci`;
CREATE TABLE IF NOT EXISTS `platnosci` (
  `id` int NOT NULL AUTO_INCREMENT,
  `tytul` varchar(255) NOT NULL,
  `kwota` decimal(10,2) NOT NULL,
  `data_wplaty` date NOT NULL,
  `numer_konta` varchar(28) NOT NULL,
  `numer_faktury` varchar(50) CHARACTER SET utf8mb4 COLLATE utf8mb4_unicode_ci NOT NULL,
  PRIMARY KEY (`id`),
  KEY `numer_faktury` (`numer_faktury`)
) ENGINE=MyISAM AUTO_INCREMENT=61 DEFAULT CHARSET=utf8mb4 COLLATE=utf8mb4_0900_ai_ci;

--
-- Дамп даних таблиці `platnosci`
--

INSERT INTO `platnosci` (`id`, `tytul`, `kwota`, `data_wplaty`, `numer_konta`, `numer_faktury`) VALUES
(1, 'Jakiś tytuł wpisany przez klienta', 1294.87, '1981-04-22', 'PL49400008717009990480384306', 'FV/2024/10/0001'),
(2, 'Jakiś tytuł wpisany przez klienta', 290.27, '1982-12-18', 'PL49400008717009990480384306', 'FV/2024/10/0002'),
(3, 'Jakiś tytuł wpisany przez klienta', 1032.10, '2001-07-06', 'PL49400008717009990480384306', 'FV/2024/10/0003'),
(4, 'Jakiś tytuł wpisany przez klienta', 332.82, '2023-07-13', 'PL73377989879357069511277857', 'FV/2024/10/0004'),
(5, 'Jakiś tytuł wpisany przez klienta', 920.44, '2017-02-20', 'PL73377989879357069511277857', 'FV/2024/10/0005'),
(6, 'Jakiś tytuł wpisany przez klienta', 1379.72, '2002-11-06', 'PL73377989879357069511277857', 'FV/2024/10/0006'),
(7, 'Jakiś tytuł wpisany przez klienta', 681.87, '2021-10-22', 'PL70088928997621397355707950', 'FV/2024/10/0007'),
(8, 'Jakiś tytuł wpisany przez klienta', 839.19, '1997-07-19', 'PL70088928997621397355707950', 'FV/2024/10/0008'),
(9, 'Jakiś tytuł wpisany przez klienta', 269.99, '1992-02-15', 'PL70088928997621397355707950', 'FV/2024/10/0009'),
(10, 'Jakiś tytuł wpisany przez klienta', 95.94, '2014-06-26', 'PL84334066853812452746146430', 'FV/2024/10/0010'),
(11, 'Jakiś tytuł wpisany przez klienta', 319.27, '2000-11-09', 'PL84334066853812452746146430', 'FV/2024/10/0011'),
(12, 'Jakiś tytuł wpisany przez klienta', 663.41, '2022-10-11', 'PL84334066853812452746146430', 'FV/2024/10/0012'),
(13, 'Jakiś tytuł wpisany przez klienta', 945.28, '1977-12-25', 'PL10331604339123774516116364', 'FV/2024/10/0013'),
(14, 'Jakiś tytuł wpisany przez klienta', 608.14, '2000-01-04', 'PL10331604339123774516116364', 'FV/2024/10/0014'),
(15, 'Jakiś tytuł wpisany przez klienta', 181.28, '1986-01-02', 'PL10331604339123774516116364', 'FV/2024/10/0015'),
(16, 'Jakiś tytuł wpisany przez klienta', 1095.72, '2000-04-04', 'PL62209093243720176467393457', 'FV/2024/10/0016'),
(17, 'Jakiś tytuł wpisany przez klienta', 255.33, '1979-03-20', 'PL62209093243720176467393457', 'FV/2024/10/0017'),
(18, 'Jakiś tytuł wpisany przez klienta', 745.70, '1991-06-05', 'PL62209093243720176467393457', 'FV/2024/10/0018'),
(19, 'Jakiś tytuł wpisany przez klienta', 544.12, '2023-07-24', 'PL02647182701380782499020875', 'FV/2024/10/0019'),
(20, 'Jakiś tytuł wpisany przez klienta', 785.43, '1979-08-01', 'PL02647182701380782499020875', 'FV/2024/10/0020'),
(21, 'Jakiś tytuł wpisany przez klienta', 239.22, '1987-05-04', 'PL02647182701380782499020875', 'FV/2024/10/0021'),
(22, 'Jakiś tytuł wpisany przez klienta', 734.58, '1984-07-24', 'PL20731613022806206188447510', 'FV/2024/10/0022'),
(23, 'Jakiś tytuł wpisany przez klienta', 219.30, '1976-09-14', 'PL20731613022806206188447510', 'FV/2024/10/0023'),
(24, 'Jakiś tytuł wpisany przez klienta', 446.86, '1994-01-07', 'PL20731613022806206188447510', 'FV/2024/10/0024'),
(25, 'Jakiś tytuł wpisany przez klienta', 1175.73, '2005-06-14', 'PL04100630168703681613598823', 'FV/2024/10/0025'),
(26, 'Jakiś tytuł wpisany przez klienta', 148.04, '1988-02-13', 'PL04100630168703681613598823', 'FV/2024/10/0026'),
(27, 'Jakiś tytuł wpisany przez klienta', 528.47, '1988-06-03', 'PL04100630168703681613598823', 'FV/2024/10/0027'),
(28, 'Jakiś tytuł wpisany przez klienta', 409.18, '2022-09-29', 'PL81538035698215325508850564', 'FV/2024/10/0028'),
(29, 'Jakiś tytuł wpisany przez klienta', 62.43, '1971-05-24', 'PL81538035698215325508850564', 'FV/2024/10/0029'),
(30, 'Jakiś tytuł wpisany przez klienta', 1165.91, '1972-12-04', 'PL81538035698215325508850564', 'FV/2024/10/0030'),
(31, 'Jakiś tytuł wpisany przez klienta', 422.07, '1989-12-12', 'PL79750173805433630728925487', 'FV/2024/10/0031'),
(32, 'Jakiś tytuł wpisany przez klienta', 1137.57, '2002-02-20', 'PL79750173805433630728925487', 'FV/2024/10/0032'),
(33, 'Jakiś tytuł wpisany przez klienta', 298.66, '1976-07-19', 'PL79750173805433630728925487', 'FV/2024/10/0033'),
(34, 'Jakiś tytuł wpisany przez klienta', 271.94, '1994-11-23', 'PL28604596652838811476743531', 'FV/2024/10/0034'),
(35, 'Jakiś tytuł wpisany przez klienta', 1329.99, '1974-10-18', 'PL28604596652838811476743531', 'FV/2024/10/0035'),
(36, 'Jakiś tytuł wpisany przez klienta', 291.64, '1995-12-22', 'PL28604596652838811476743531', 'FV/2024/10/0036'),
(37, 'Jakiś tytuł wpisany przez klienta', 731.88, '2021-11-08', 'PL51147419438787817210798863', 'FV/2024/10/0037'),
(38, 'Jakiś tytuł wpisany przez klienta', 377.76, '1975-12-16', 'PL51147419438787817210798863', 'FV/2024/10/0038'),
(39, 'Jakiś tytuł wpisany przez klienta', 101.31, '2016-04-17', 'PL51147419438787817210798863', 'FV/2024/10/0039'),
(40, 'Jakiś tytuł wpisany przez klienta', 245.33, '1975-02-04', 'PL65886776325614935938113525', 'FV/2024/10/0040'),
(41, 'Jakiś tytuł wpisany przez klienta', 263.58, '1970-07-16', 'PL65886776325614935938113525', 'FV/2024/10/0041'),
(42, 'Jakiś tytuł wpisany przez klienta', 1326.69, '2004-06-20', 'PL65886776325614935938113525', 'FV/2024/10/0042'),
(43, 'Jakiś tytuł wpisany przez klienta', 541.28, '1988-03-24', 'PL41779411228003027391291756', 'FV/2024/10/0043'),
(44, 'Jakiś tytuł wpisany przez klienta', 991.35, '2019-02-04', 'PL41779411228003027391291756', 'FV/2024/10/0044'),
(45, 'Jakiś tytuł wpisany przez klienta', 606.19, '2019-08-22', 'PL41779411228003027391291756', 'FV/2024/10/0045'),
(46, 'Jakiś tytuł wpisany przez klienta', 770.62, '2008-08-14', 'PL21217532156125134714201376', 'FV/2024/10/0046'),
(47, 'Jakiś tytuł wpisany przez klienta', 93.76, '2015-02-11', 'PL21217532156125134714201376', 'FV/2024/10/0047'),
(48, 'Jakiś tytuł wpisany przez klienta', 390.01, '2005-07-19', 'PL21217532156125134714201376', 'FV/2024/10/0048'),
(49, 'Jakiś tytuł wpisany przez klienta', 420.26, '2002-04-08', 'PL88816991230357375889013100', 'FV/2024/10/0049'),
(50, 'Jakiś tytuł wpisany przez klienta', 59.48, '2014-11-12', 'PL88816991230357375889013100', 'FV/2024/10/0050'),
(51, 'Jakiś tytuł wpisany przez klienta', 662.76, '1994-07-22', 'PL88816991230357375889013100', 'FV/2024/10/0051'),
(52, 'Jakiś tytuł wpisany przez klienta', 636.75, '1973-06-19', 'PL41030101133451324864405240', 'FV/2024/10/0052'),
(53, 'Jakiś tytuł wpisany przez klienta', 760.24, '1999-03-16', 'PL41030101133451324864405240', 'FV/2024/10/0053'),
(54, 'Jakiś tytuł wpisany przez klienta', 1214.09, '2004-10-22', 'PL41030101133451324864405240', 'FV/2024/10/0054'),
(55, 'Jakiś tytuł wpisany przez klienta', 311.98, '2009-05-16', 'PL21103916176015749878725935', 'FV/2024/10/0055'),
(56, 'Jakiś tytuł wpisany przez klienta', 446.12, '1994-02-14', 'PL21103916176015749878725935', 'FV/2024/10/0056'),
(57, 'Jakiś tytuł wpisany przez klienta', 120.60, '1974-06-13', 'PL21103916176015749878725935', 'FV/2024/10/0057'),
(58, 'Jakiś tytuł wpisany przez klienta', 987.75, '1995-05-05', 'PL22362078426526229902468503', 'FV/2024/10/0058'),
(59, 'Jakiś tytuł wpisany przez klienta', 216.33, '2021-06-08', 'PL22362078426526229902468503', 'FV/2024/10/0059'),
(60, 'Jakiś tytuł wpisany przez klienta', 152.01, '1999-12-21', 'PL22362078426526229902468503', 'FV/2024/10/0060');

-- --------------------------------------------------------

--
-- Структура таблиці `pozycje_faktury`
--

DROP TABLE IF EXISTS `pozycje_faktury`;
CREATE TABLE IF NOT EXISTS `pozycje_faktury` (
  `id` int NOT NULL AUTO_INCREMENT,
  `nazwa_produktu` varchar(255) NOT NULL,
  `ilosc` int NOT NULL,
  `cena` decimal(10,2) NOT NULL,
  `numer_faktury` varchar(50) NOT NULL,
  PRIMARY KEY (`id`),
  KEY `numer_faktury` (`numer_faktury`)
) ENGINE=MyISAM AUTO_INCREMENT=129 DEFAULT CHARSET=utf8mb4 COLLATE=utf8mb4_0900_ai_ci;

--
-- Дамп даних таблиці `pozycje_faktury`
--

INSERT INTO `pozycje_faktury` (`id`, `nazwa_produktu`, `ilosc`, `cena`, `numer_faktury`) VALUES
(1, 'saepe', 3, 40.20, 'FV/2024/10/0001'),
(2, 'qui', 3, 127.24, 'FV/2024/10/0001'),
(3, 'voluptatem', 6, 496.48, 'FV/2024/10/0002'),
(4, 'ut', 6, 113.80, 'FV/2024/10/0002'),
(5, 'sit', 5, 318.22, 'FV/2024/10/0002'),
(6, 'qui', 10, 457.51, 'FV/2024/10/0003'),
(7, 'illo', 3, 175.44, 'FV/2024/10/0003'),
(8, 'omnis', 3, 255.12, 'FV/2024/10/0003'),
(9, 'voluptatem', 2, 25.83, 'FV/2024/10/0004'),
(10, 'aut', 2, 23.48, 'FV/2024/10/0005'),
(11, 'quam', 1, 467.48, 'FV/2024/10/0005'),
(12, 'ut', 2, 365.56, 'FV/2024/10/0005'),
(13, 'sint', 10, 51.39, 'FV/2024/10/0006'),
(14, 'numquam', 4, 163.62, 'FV/2024/10/0006'),
(15, 'dolores', 8, 253.15, 'FV/2024/10/0007'),
(16, 'hic', 8, 192.14, 'FV/2024/10/0008'),
(17, 'quis', 4, 192.25, 'FV/2024/10/0008'),
(18, 'aspernatur', 4, 97.67, 'FV/2024/10/0009'),
(19, 'totam', 4, 183.63, 'FV/2024/10/0009'),
(20, 'eum', 8, 205.26, 'FV/2024/10/0009'),
(21, 'reiciendis', 2, 317.44, 'FV/2024/10/0010'),
(22, 'et', 4, 455.20, 'FV/2024/10/0010'),
(23, 'explicabo', 1, 227.71, 'FV/2024/10/0010'),
(24, 'dignissimos', 4, 227.65, 'FV/2024/10/0011'),
(25, 'atque', 2, 147.50, 'FV/2024/10/0012'),
(26, 'ducimus', 4, 145.52, 'FV/2024/10/0012'),
(27, 'eligendi', 5, 319.64, 'FV/2024/10/0012'),
(28, 'tempore', 3, 171.50, 'FV/2024/10/0013'),
(29, 'quia', 7, 66.73, 'FV/2024/10/0013'),
(30, 'nemo', 1, 497.89, 'FV/2024/10/0014'),
(31, 'sed', 2, 55.54, 'FV/2024/10/0015'),
(32, 'error', 2, 82.15, 'FV/2024/10/0016'),
(33, 'a', 10, 490.53, 'FV/2024/10/0016'),
(34, 'asperiores', 9, 137.98, 'FV/2024/10/0017'),
(35, 'a', 7, 303.38, 'FV/2024/10/0017'),
(36, 'earum', 7, 35.67, 'FV/2024/10/0017'),
(37, 'inventore', 3, 14.62, 'FV/2024/10/0018'),
(38, 'quidem', 6, 119.46, 'FV/2024/10/0018'),
(39, 'in', 3, 236.86, 'FV/2024/10/0018'),
(40, 'officia', 1, 278.01, 'FV/2024/10/0019'),
(41, 'aut', 5, 220.33, 'FV/2024/10/0020'),
(42, 'ad', 4, 448.04, 'FV/2024/10/0020'),
(43, 'adipisci', 9, 21.13, 'FV/2024/10/0021'),
(44, 'quis', 6, 453.82, 'FV/2024/10/0021'),
(45, 'ut', 1, 494.09, 'FV/2024/10/0021'),
(46, 'est', 8, 257.06, 'FV/2024/10/0022'),
(47, 'iure', 10, 359.38, 'FV/2024/10/0022'),
(48, 'et', 8, 398.30, 'FV/2024/10/0023'),
(49, 'ab', 1, 420.04, 'FV/2024/10/0023'),
(50, 'est', 1, 82.87, 'FV/2024/10/0023'),
(51, 'voluptatum', 2, 396.81, 'FV/2024/10/0024'),
(52, 'rerum', 8, 322.86, 'FV/2024/10/0025'),
(53, 'delectus', 8, 44.93, 'FV/2024/10/0025'),
(54, 'et', 7, 178.40, 'FV/2024/10/0025'),
(55, 'nihil', 8, 385.27, 'FV/2024/10/0026'),
(56, 'repellat', 10, 369.85, 'FV/2024/10/0026'),
(57, 'dolores', 9, 329.90, 'FV/2024/10/0026'),
(58, 'ab', 7, 276.69, 'FV/2024/10/0027'),
(59, 'autem', 8, 421.14, 'FV/2024/10/0028'),
(60, 'est', 6, 172.17, 'FV/2024/10/0028'),
(61, 'accusantium', 6, 284.76, 'FV/2024/10/0028'),
(62, 'est', 8, 223.08, 'FV/2024/10/0029'),
(63, 'nam', 2, 226.67, 'FV/2024/10/0029'),
(64, 'voluptatibus', 6, 79.61, 'FV/2024/10/0029'),
(65, 'qui', 3, 391.22, 'FV/2024/10/0030'),
(66, 'ipsum', 3, 476.62, 'FV/2024/10/0030'),
(67, 'vel', 1, 291.57, 'FV/2024/10/0030'),
(68, 'cum', 5, 33.53, 'FV/2024/10/0031'),
(69, 'iure', 8, 356.19, 'FV/2024/10/0032'),
(70, 'magnam', 9, 280.58, 'FV/2024/10/0032'),
(71, 'omnis', 8, 113.54, 'FV/2024/10/0032'),
(72, 'a', 8, 372.66, 'FV/2024/10/0033'),
(73, 'accusantium', 3, 208.97, 'FV/2024/10/0034'),
(74, 'quam', 5, 352.57, 'FV/2024/10/0034'),
(75, 'quis', 7, 293.47, 'FV/2024/10/0035'),
(76, 'debitis', 4, 344.99, 'FV/2024/10/0035'),
(77, 'recusandae', 2, 41.84, 'FV/2024/10/0036'),
(78, 'rerum', 6, 170.51, 'FV/2024/10/0036'),
(79, 'laudantium', 5, 86.12, 'FV/2024/10/0036'),
(80, 'incidunt', 6, 153.05, 'FV/2024/10/0037'),
(81, 'voluptatem', 6, 56.08, 'FV/2024/10/0037'),
(82, 'soluta', 6, 254.98, 'FV/2024/10/0038'),
(83, 'magnam', 5, 379.46, 'FV/2024/10/0038'),
(84, 'nihil', 7, 68.95, 'FV/2024/10/0038'),
(85, 'ut', 9, 468.09, 'FV/2024/10/0039'),
(86, 'sunt', 8, 142.95, 'FV/2024/10/0039'),
(87, 'modi', 6, 207.65, 'FV/2024/10/0040'),
(88, 'sit', 7, 340.93, 'FV/2024/10/0041'),
(89, 'voluptate', 6, 219.44, 'FV/2024/10/0041'),
(90, 'est', 7, 293.14, 'FV/2024/10/0041'),
(91, 'dicta', 3, 486.02, 'FV/2024/10/0042'),
(92, 'error', 2, 103.91, 'FV/2024/10/0043'),
(93, 'aut', 5, 372.19, 'FV/2024/10/0043'),
(94, 'vel', 9, 324.51, 'FV/2024/10/0043'),
(95, 'velit', 5, 382.67, 'FV/2024/10/0044'),
(96, 'provident', 1, 257.30, 'FV/2024/10/0045'),
(97, 'eaque', 6, 183.65, 'FV/2024/10/0046'),
(98, 'nisi', 10, 233.40, 'FV/2024/10/0047'),
(99, 'voluptate', 3, 361.71, 'FV/2024/10/0047'),
(100, 'voluptatem', 6, 365.00, 'FV/2024/10/0047'),
(101, 'eum', 7, 160.63, 'FV/2024/10/0048'),
(102, 'eos', 7, 134.04, 'FV/2024/10/0048'),
(103, 'hic', 4, 436.27, 'FV/2024/10/0049'),
(104, 'doloremque', 4, 216.23, 'FV/2024/10/0049'),
(105, 'est', 10, 297.16, 'FV/2024/10/0049'),
(106, 'fugit', 6, 96.35, 'FV/2024/10/0050'),
(107, 'illo', 7, 251.60, 'FV/2024/10/0050'),
(108, 'repellat', 1, 347.16, 'FV/2024/10/0050'),
(109, 'occaecati', 6, 409.87, 'FV/2024/10/0051'),
(110, 'neque', 6, 59.53, 'FV/2024/10/0052'),
(111, 'explicabo', 2, 27.94, 'FV/2024/10/0052'),
(112, 'id', 2, 141.33, 'FV/2024/10/0053'),
(113, 'corrupti', 10, 340.99, 'FV/2024/10/0053'),
(114, 'occaecati', 10, 88.59, 'FV/2024/10/0053'),
(115, 'repudiandae', 7, 224.29, 'FV/2024/10/0054'),
(116, 'in', 6, 247.44, 'FV/2024/10/0054'),
(117, 'quidem', 1, 204.29, 'FV/2024/10/0054'),
(118, 'at', 4, 20.09, 'FV/2024/10/0055'),
(119, 'a', 1, 461.20, 'FV/2024/10/0056'),
(120, 'impedit', 3, 56.42, 'FV/2024/10/0056'),
(121, 'impedit', 2, 134.52, 'FV/2024/10/0057'),
(122, 'sed', 5, 57.57, 'FV/2024/10/0057'),
(123, 'animi', 6, 451.36, 'FV/2024/10/0058'),
(124, 'consequatur', 7, 347.88, 'FV/2024/10/0059'),
(125, 'dicta', 4, 315.96, 'FV/2024/10/0059'),
(126, 'iusto', 3, 56.25, 'FV/2024/10/0060'),
(127, 'harum', 8, 133.87, 'FV/2024/10/0060'),
(128, 'illum', 3, 404.41, 'FV/2024/10/0060');
COMMIT;

/*!40101 SET CHARACTER_SET_CLIENT=@OLD_CHARACTER_SET_CLIENT */;
/*!40101 SET CHARACTER_SET_RESULTS=@OLD_CHARACTER_SET_RESULTS */;
/*!40101 SET COLLATION_CONNECTION=@OLD_COLLATION_CONNECTION */;
